<?xml version="1.0" encoding="UTF-8"?>
<!DOCTYPE configuration
  PUBLIC "-//mybatis.org//DTD Config 3.0//EN"
  "http://mybatis.org/dtd/mybatis-3-config.dtd">
<configuration>
	<typeAliases>
	
	<typeAlias type="com.spring.ebook.model.user.vo.UserVO" alias="user"  />
	<typeAlias type="com.spring.ebook.model.book.vo.BookVO" alias="book"  />
<!-- 	<typeAlias type="com.spring.ebook.model.util.vo.SearchVO" alias="search"  /> -->
	<typeAlias type="com.spring.ebook.model.util.vo.PutlistVO" alias="putlistboard"  />
	<typeAlias type="com.spring.ebook.model.util.vo.ReadlistVO" alias="readlistboard"  />
	<typeAlias type="com.spring.ebook.model.util.vo.RecommVO" alias="recomlist"  />
	</typeAliases>

</configuration>

