<?xml version="1.0" encoding="UTF-8"?>
<!DOCTYPE mapper
  PUBLIC "-//mybatis.org//DTD Mapper 3.0//EN"
  "http://mybatis.org/dtd/mybatis-3-mapper.dtd">
  
<mapper namespace="com.spring.acorn.mapper.book">
 	<select id="list" resultType="book">
 	 	SELECT	BOOKNUM, TITLE, GENRENUM, AUTHOR, CONTENT, LIKECNT
 		FROM	BOOKINFO
 	</select>
 	
 	<!-- <select id="search" parameterType="search" resultType="book"> 
			SELECT BOOKNUM, TITLE, GENRENUM, AUTHOR, CONTENT, LIKECNT
			FROM  BOOKINFO
			<where>
				<if test="searchType == '제목' ">
					TITLE LIKE '%'||#{searchKeyword}||'%'
				</if>
				<if test="searchType == '저자' ">
					AUTHOR LIKE '%'||#{searchKeyword}||'%'
				</if>
			</where> 조건에 따라 달라지는. 다이나믹 쿼리
		</select> -->
</mapper>

